,id,class_prediction,cat_breed_predictor,dog_breed_predictor,final prediction,class_verify
0,img_0966,dog,,DOG 23,DOG 23,dog
1,img_6542,dog,,DOG 24,DOG 24,dog
2,img_2360,dog,,DOG 21,DOG 21,dog
3,img_0763,cat,CAT 12,,CAT 12,cat
4,img_6579,dog,,DOG 22,DOG 22,dog
5,img_1013,dog,,DOG 21,DOG 21,dog
6,img_4896,dog,,DOG 23,DOG 23,dog
7,img_0418,dog,,DOG 24,DOG 24,dog
8,img_1070,cat,CAT 12,,CAT 12,dog
9,img_6988,dog,,DOG 22,DOG 22,dog
10,img_6432,dog,,DOG 23,DOG 23,dog
11,img_6923,dog,,DOG 22,DOG 22,dog
12,img_3376,dog,,DOG 22,DOG 22,dog
13,img_5280,cat,CAT 12,,CAT 12,dog
14,img_0379,cat,CAT 12,,CAT 12,cat
15,img_5701,dog,,DOG 21,DOG 21,dog
16,img_3330,dog,,DOG 22,DOG 22,dog
17,img_4795,dog,,DOG 25,DOG 25,dog
18,img_3289,dog,,DOG 25,DOG 25,dog
19,img_7322,cat,CAT 11,,CAT 11,cat
20,img_3820,dog,,DOG 22,DOG 22,dog
21,img_2397,dog,,DOG 21,DOG 21,dog
22,img_6692,dog,,DOG 24,DOG 24,dog
23,img_3293,dog,,DOG 22,DOG 22,cat
24,img_3886,dog,,DOG 22,DOG 22,dog
25,img_0538,dog,,DOG 22,DOG 22,dog
26,img_1144,dog,,DOG 22,DOG 22,dog
27,img_6294,dog,,DOG 22,DOG 22,dog
28,img_4687,cat,CAT 12,,CAT 12,dog
29,img_6453,dog,,DOG 24,DOG 24,dog
30,img_0625,dog,,DOG 21,DOG 21,dog
31,img_6113,cat,CAT 15,,CAT 15,dog
32,img_6750,dog,,DOG 22,DOG 22,dog
33,img_1110,dog,,DOG 22,DOG 22,dog
34,img_1307,dog,,DOG 21,DOG 21,dog
35,img_2219,cat,CAT 12,,CAT 12,dog
36,img_1625,dog,,DOG 23,DOG 23,dog
37,img_0105,dog,,DOG 23,DOG 23,dog
38,img_5813,cat,CAT 15,,CAT 15,dog
39,img_2193,dog,,DOG 22,DOG 22,dog
40,img_0013,dog,,DOG 22,DOG 22,dog
41,img_6876,dog,,DOG 22,DOG 22,dog
42,img_5496,cat,CAT 13,,CAT 13,dog
43,img_2716,dog,,DOG 23,DOG 23,dog
44,img_2156,dog,,DOG 22,DOG 22,dog
45,img_0775,dog,,DOG 23,DOG 23,dog
46,img_3889,dog,,DOG 22,DOG 22,dog
47,img_5563,dog,,DOG 21,DOG 21,dog
48,img_4393,dog,,DOG 21,DOG 21,dog
49,img_4670,dog,,DOG 25,DOG 25,dog
50,img_3753,cat,CAT 15,,CAT 15,dog
51,img_6660,dog,,DOG 21,DOG 21,dog
52,img_2975,dog,,DOG 22,DOG 22,dog
53,img_2447,cat,CAT 12,,CAT 12,dog
54,img_1935,dog,,DOG 22,DOG 22,dog
55,img_7335,dog,,DOG 22,DOG 22,cat
56,img_7247,dog,,DOG 22,DOG 22,dog
57,img_3109,dog,,DOG 25,DOG 25,dog
58,img_4203,dog,,DOG 21,DOG 21,dog
59,img_6391,dog,,DOG 22,DOG 22,dog
60,img_2273,dog,,DOG 22,DOG 22,dog
61,img_5715,dog,,DOG 22,DOG 22,dog
62,img_2925,dog,,DOG 25,DOG 25,dog
63,img_2197,dog,,DOG 22,DOG 22,dog
64,img_1383,dog,,DOG 22,DOG 22,dog
65,img_7120,dog,,DOG 23,DOG 23,dog
66,img_4771,dog,,DOG 22,DOG 22,dog
67,img_6570,dog,,DOG 25,DOG 25,dog
68,img_5213,dog,,DOG 22,DOG 22,dog
69,img_3686,dog,,DOG 22,DOG 22,dog
70,img_2097,dog,,DOG 25,DOG 25,dog
71,img_3301,dog,,DOG 25,DOG 25,dog
72,img_3658,dog,,DOG 22,DOG 22,dog
73,img_5046,dog,,DOG 22,DOG 22,dog
74,img_0069,dog,,DOG 24,DOG 24,dog
75,img_2588,cat,CAT 12,,CAT 12,dog
76,img_3632,cat,CAT 12,,CAT 12,dog
77,img_6153,cat,CAT 12,,CAT 12,dog
78,img_6747,dog,,DOG 23,DOG 23,dog
79,img_2703,cat,CAT 12,,CAT 12,dog
80,img_3991,dog,,DOG 22,DOG 22,dog
81,img_0936,dog,,DOG 22,DOG 22,dog
82,img_0452,cat,CAT 11,,CAT 11,dog
83,img_2348,dog,,DOG 22,DOG 22,dog
84,img_7332,dog,,DOG 23,DOG 23,dog
85,img_4945,dog,,DOG 21,DOG 21,dog
86,img_6970,dog,,DOG 22,DOG 22,dog
87,img_0859,dog,,DOG 24,DOG 24,dog
88,img_5023,dog,,DOG 24,DOG 24,dog
89,img_4952,dog,,DOG 25,DOG 25,dog
90,img_5370,dog,,DOG 24,DOG 24,dog
91,img_0089,dog,,DOG 25,DOG 25,dog
92,img_3284,dog,,DOG 22,DOG 22,dog
93,img_5051,dog,,DOG 23,DOG 23,dog
94,img_3359,dog,,DOG 22,DOG 22,dog
95,img_2918,cat,CAT 13,,CAT 13,cat
96,img_6810,dog,,DOG 24,DOG 24,dog
97,img_5119,dog,,DOG 22,DOG 22,dog
98,img_7374,dog,,DOG 22,DOG 22,dog
99,img_4731,cat,CAT 11,,CAT 11,dog
100,img_4897,dog,,DOG 24,DOG 24,dog
101,img_0283,dog,,DOG 21,DOG 21,dog
102,img_7200,dog,,DOG 22,DOG 22,dog
103,img_2764,dog,,DOG 21,DOG 21,dog
104,img_5420,dog,,DOG 22,DOG 22,dog
105,img_1669,cat,CAT 13,,CAT 13,dog
106,img_2981,dog,,DOG 25,DOG 25,dog
107,img_6571,dog,,DOG 22,DOG 22,dog
108,img_1533,dog,,DOG 23,DOG 23,dog
109,img_6986,dog,,DOG 24,DOG 24,dog
110,img_0547,dog,,DOG 22,DOG 22,dog
111,img_0196,cat,CAT 11,,CAT 11,cat
112,img_2831,dog,,DOG 25,DOG 25,dog
113,img_5456,dog,,DOG 22,DOG 22,dog
114,img_3214,dog,,DOG 22,DOG 22,dog
115,img_2101,dog,,DOG 21,DOG 21,dog
116,img_0534,dog,,DOG 22,DOG 22,dog
117,img_5707,dog,,DOG 21,DOG 21,dog
118,img_2792,dog,,DOG 24,DOG 24,dog
119,img_4494,dog,,DOG 25,DOG 25,dog
120,img_2330,dog,,DOG 24,DOG 24,dog
121,img_3769,cat,CAT 13,,CAT 13,dog
122,img_1357,dog,,DOG 21,DOG 21,dog
123,img_3681,dog,,DOG 24,DOG 24,dog
124,img_7313,cat,CAT 12,,CAT 12,cat
125,img_1548,dog,,DOG 23,DOG 23,dog
126,img_0456,dog,,DOG 22,DOG 22,dog
127,img_5982,cat,CAT 12,,CAT 12,dog
128,img_2218,dog,,DOG 24,DOG 24,dog
129,img_6478,dog,,DOG 24,DOG 24,dog
130,img_3345,dog,,DOG 22,DOG 22,dog
131,img_0643,dog,,DOG 24,DOG 24,dog
132,img_1446,dog,,DOG 22,DOG 22,dog
133,img_3866,dog,,DOG 22,DOG 22,dog
134,img_4765,dog,,DOG 21,DOG 21,dog
135,img_0761,dog,,DOG 22,DOG 22,dog
136,img_0649,dog,,DOG 22,DOG 22,dog
137,img_4541,dog,,DOG 21,DOG 21,dog
138,img_3600,dog,,DOG 25,DOG 25,dog
139,img_0484,cat,CAT 12,,CAT 12,dog
140,img_5974,dog,,DOG 23,DOG 23,dog
141,img_0464,dog,,DOG 21,DOG 21,dog
142,img_0741,dog,,DOG 25,DOG 25,dog
143,img_5431,cat,CAT 15,,CAT 15,dog
144,img_1187,cat,CAT 15,,CAT 15,dog
145,img_4363,dog,,DOG 22,DOG 22,dog
146,img_4901,dog,,DOG 22,DOG 22,dog
147,img_2916,dog,,DOG 22,DOG 22,dog
148,img_4596,dog,,DOG 23,DOG 23,dog
149,img_6086,dog,,DOG 22,DOG 22,dog
150,img_3891,dog,,DOG 23,DOG 23,dog
151,img_1489,dog,,DOG 23,DOG 23,dog
152,img_7102,dog,,DOG 25,DOG 25,dog
153,img_6413,dog,,DOG 25,DOG 25,dog
154,img_6613,cat,CAT 12,,CAT 12,cat
155,img_3475,dog,,DOG 21,DOG 21,dog
156,img_5822,dog,,DOG 22,DOG 22,dog
157,img_5373,cat,CAT 12,,CAT 12,cat
158,img_3299,dog,,DOG 22,DOG 22,dog
159,img_2579,cat,CAT 12,,CAT 12,cat
160,img_5275,dog,,DOG 24,DOG 24,dog
161,img_3316,cat,CAT 12,,CAT 12,cat
162,img_6257,dog,,DOG 22,DOG 22,cat
163,img_4921,dog,,DOG 23,DOG 23,dog
164,img_4074,cat,CAT 12,,CAT 12,dog
165,img_0380,dog,,DOG 22,DOG 22,dog
166,img_6282,dog,,DOG 21,DOG 21,dog
167,img_0308,cat,CAT 12,,CAT 12,dog
168,img_6477,cat,CAT 12,,CAT 12,cat
169,img_1638,dog,,DOG 21,DOG 21,dog
170,img_2033,dog,,DOG 25,DOG 25,dog
171,img_1227,cat,CAT 14,,CAT 14,dog
172,img_6184,dog,,DOG 23,DOG 23,dog
173,img_4895,dog,,DOG 22,DOG 22,dog
174,img_5402,dog,,DOG 24,DOG 24,dog
175,img_4368,dog,,DOG 21,DOG 21,dog
176,img_2496,dog,,DOG 25,DOG 25,dog
177,img_1657,dog,,DOG 22,DOG 22,dog
178,img_6934,dog,,DOG 21,DOG 21,cat
179,img_3072,cat,CAT 12,,CAT 12,dog
180,img_4815,cat,CAT 12,,CAT 12,cat
181,img_2536,dog,,DOG 21,DOG 21,dog
182,img_6476,dog,,DOG 21,DOG 21,dog
183,img_3510,dog,,DOG 22,DOG 22,dog
184,img_7242,cat,CAT 11,,CAT 11,dog
185,img_1721,dog,,DOG 21,DOG 21,dog
186,img_4544,cat,CAT 14,,CAT 14,dog
187,img_3025,dog,,DOG 23,DOG 23,dog
188,img_5953,cat,CAT 13,,CAT 13,dog
189,img_6304,dog,,DOG 22,DOG 22,dog
190,img_3101,dog,,DOG 23,DOG 23,cat
191,img_5986,dog,,DOG 22,DOG 22,dog
192,img_0070,dog,,DOG 22,DOG 22,dog
193,img_3413,dog,,DOG 22,DOG 22,dog
194,img_4974,dog,,DOG 25,DOG 25,dog
195,img_0271,dog,,DOG 25,DOG 25,dog
196,img_2758,dog,,DOG 21,DOG 21,dog
197,img_1377,dog,,DOG 22,DOG 22,dog
198,img_6076,cat,CAT 12,,CAT 12,dog
199,img_7180,dog,,DOG 22,DOG 22,dog
200,img_3084,cat,CAT 12,,CAT 12,cat
201,img_6761,dog,,DOG 21,DOG 21,dog
202,img_0575,dog,,DOG 22,DOG 22,dog
203,img_6192,dog,,DOG 22,DOG 22,dog
204,img_3755,dog,,DOG 22,DOG 22,dog
205,img_3324,dog,,DOG 23,DOG 23,dog
206,img_2443,dog,,DOG 25,DOG 25,dog
207,img_0255,dog,,DOG 24,DOG 24,dog
208,img_5754,dog,,,,dog
209,img_5601,dog,,DOG 21,DOG 21,dog
210,img_2418,cat,CAT 12,,CAT 12,dog
211,img_6776,dog,,DOG 22,DOG 22,dog
212,img_2778,dog,,DOG 22,DOG 22,dog
213,img_3296,cat,CAT 11,,CAT 11,cat
214,img_0353,cat,CAT 11,,CAT 11,cat
215,img_1923,dog,,DOG 22,DOG 22,dog
216,img_6785,dog,,DOG 23,DOG 23,dog
217,img_3495,dog,,DOG 21,DOG 21,dog
218,img_5372,dog,,DOG 24,DOG 24,dog
219,img_4876,dog,,DOG 22,DOG 22,dog
220,img_5085,dog,,DOG 24,DOG 24,dog
221,img_3103,dog,,DOG 22,DOG 22,dog
222,img_6191,dog,,DOG 24,DOG 24,dog
223,img_2562,dog,,DOG 21,DOG 21,dog
224,img_2311,dog,,DOG 22,DOG 22,dog
225,img_1622,dog,,DOG 25,DOG 25,dog
226,img_3582,dog,,DOG 22,DOG 22,dog
227,img_6693,dog,,DOG 25,DOG 25,dog
228,img_2513,dog,,DOG 25,DOG 25,dog
229,img_3981,dog,,DOG 21,DOG 21,dog
230,img_4386,dog,,DOG 24,DOG 24,dog
231,img_7269,dog,,DOG 22,DOG 22,dog
232,img_4811,dog,,DOG 22,DOG 22,dog
233,img_6010,dog,,DOG 22,DOG 22,dog
234,img_1430,dog,,DOG 22,DOG 22,dog
235,img_0852,dog,,DOG 22,DOG 22,dog
236,img_4182,dog,,DOG 22,DOG 22,dog
237,img_7310,dog,,DOG 25,DOG 25,dog
238,img_5889,dog,,DOG 25,DOG 25,cat
239,img_6913,dog,,DOG 22,DOG 22,dog
240,img_4025,dog,,DOG 21,DOG 21,dog
241,img_2288,dog,,DOG 22,DOG 22,dog
242,img_2937,dog,,DOG 22,DOG 22,dog
243,img_6280,dog,,DOG 22,DOG 22,dog
244,img_6617,dog,,DOG 21,DOG 21,dog
245,img_0764,dog,,DOG 22,DOG 22,dog
246,img_3770,dog,,DOG 22,DOG 22,dog
247,img_6952,dog,,DOG 21,DOG 21,dog
248,img_1349,cat,CAT 12,,CAT 12,dog
249,img_3452,dog,,DOG 23,DOG 23,dog
250,img_0483,dog,,DOG 22,DOG 22,dog
251,img_1453,dog,,DOG 21,DOG 21,dog
252,img_4313,dog,,DOG 24,DOG 24,dog
253,img_2815,dog,,DOG 24,DOG 24,dog
254,img_5218,dog,,DOG 23,DOG 23,dog
255,img_2384,dog,,DOG 21,DOG 21,dog
256,img_0312,dog,,DOG 22,DOG 22,dog
257,img_0301,dog,,DOG 22,DOG 22,dog
258,img_5010,cat,CAT 11,,CAT 11,cat
259,img_1058,dog,,DOG 22,DOG 22,dog
260,img_6699,dog,,DOG 21,DOG 21,dog
261,img_5594,dog,,DOG 22,DOG 22,dog
262,img_0192,cat,CAT 12,,CAT 12,cat
263,img_5946,dog,,DOG 21,DOG 21,dog
264,img_0178,dog,,DOG 22,DOG 22,dog
265,img_1127,dog,,DOG 24,DOG 24,dog
266,img_3420,cat,CAT 13,,CAT 13,dog
267,img_3385,dog,,DOG 22,DOG 22,dog
268,img_4467,dog,,DOG 21,DOG 21,dog
269,img_0632,dog,,DOG 22,DOG 22,dog
270,img_1124,dog,,DOG 25,DOG 25,dog
271,img_1401,dog,,DOG 22,DOG 22,dog
272,img_3105,dog,,DOG 21,DOG 21,dog
273,img_2766,dog,,DOG 22,DOG 22,dog
274,img_5838,dog,,DOG 22,DOG 22,cat
275,img_7022,dog,,DOG 25,DOG 25,dog
276,img_2044,dog,,DOG 21,DOG 21,cat
277,img_3989,dog,,DOG 22,DOG 22,dog
278,img_1177,dog,,DOG 21,DOG 21,dog
279,img_1512,dog,,DOG 25,DOG 25,dog
280,img_2445,dog,,DOG 25,DOG 25,dog
281,img_3994,cat,CAT 12,,CAT 12,cat
282,img_5041,dog,,DOG 22,DOG 22,dog
283,img_7304,cat,CAT 12,,CAT 12,dog
284,img_4292,dog,,DOG 21,DOG 21,dog
285,img_0943,dog,,DOG 21,DOG 21,dog
286,img_3065,dog,,DOG 22,DOG 22,dog
287,img_5975,dog,,DOG 25,DOG 25,dog
288,img_1588,dog,,DOG 22,DOG 22,dog
289,img_1381,dog,,DOG 24,DOG 24,dog
290,img_3360,dog,,,,dog
291,img_6596,dog,,DOG 24,DOG 24,dog
292,img_4294,dog,,DOG 24,DOG 24,dog
293,img_1282,dog,,DOG 22,DOG 22,dog
294,img_2291,dog,,DOG 22,DOG 22,dog
295,img_6072,dog,,DOG 22,DOG 22,dog
296,img_5708,dog,,DOG 24,DOG 24,dog
297,img_5668,dog,,DOG 22,DOG 22,dog
298,img_3502,dog,,DOG 24,DOG 24,dog
299,img_4430,dog,,DOG 22,DOG 22,dog
300,img_4961,dog,,DOG 25,DOG 25,dog
301,img_5466,dog,,DOG 25,DOG 25,dog
302,img_6572,dog,,DOG 22,DOG 22,dog
303,img_0610,dog,,DOG 21,DOG 21,dog
304,img_2160,dog,,DOG 21,DOG 21,dog
305,img_5458,dog,,DOG 21,DOG 21,dog
306,img_0313,cat,CAT 12,,CAT 12,dog
307,img_6205,dog,,DOG 24,DOG 24,dog
308,img_2370,dog,,DOG 24,DOG 24,dog
309,img_0738,dog,,DOG 24,DOG 24,dog
310,img_4600,dog,,DOG 24,DOG 24,dog
311,img_2380,dog,,DOG 21,DOG 21,dog
312,img_3182,dog,,DOG 21,DOG 21,dog
313,img_0334,cat,CAT 12,,CAT 12,cat
314,img_5342,dog,,DOG 24,DOG 24,dog
315,img_4553,dog,,DOG 22,DOG 22,cat
316,img_4145,cat,CAT 12,,CAT 12,dog
317,img_3877,dog,,DOG 24,DOG 24,dog
318,img_2774,cat,CAT 14,,CAT 14,dog
319,img_4808,dog,,DOG 21,DOG 21,dog
320,img_1703,dog,,DOG 22,DOG 22,dog
321,img_1661,dog,,DOG 25,DOG 25,dog
322,img_4147,dog,,DOG 21,DOG 21,dog
323,img_2332,dog,,DOG 23,DOG 23,dog
324,img_5134,dog,,DOG 24,DOG 24,dog
325,img_4694,dog,,DOG 22,DOG 22,dog
326,img_1435,cat,CAT 12,,CAT 12,cat
327,img_0240,dog,,DOG 22,DOG 22,dog
328,img_3354,dog,,DOG 23,DOG 23,dog
329,img_6114,dog,,DOG 22,DOG 22,dog
330,img_0662,dog,,DOG 22,DOG 22,dog
331,img_6068,dog,,DOG 24,DOG 24,dog
332,img_0424,dog,,DOG 22,DOG 22,dog
333,img_3668,dog,,DOG 22,DOG 22,dog
334,img_7029,dog,,DOG 21,DOG 21,dog
335,img_7165,cat,CAT 12,,CAT 12,cat
336,img_5017,dog,,,,dog
337,img_3986,dog,,DOG 23,DOG 23,dog
338,img_2140,dog,,DOG 24,DOG 24,dog
339,img_7059,cat,CAT 12,,CAT 12,cat
340,img_6046,cat,CAT 12,,CAT 12,dog
341,img_3146,cat,CAT 12,,CAT 12,dog
342,img_5029,cat,CAT 12,,CAT 12,cat
343,img_6166,dog,,DOG 23,DOG 23,dog
344,img_0634,dog,,DOG 24,DOG 24,dog
345,img_7338,dog,,DOG 22,DOG 22,dog
346,img_3186,dog,,DOG 22,DOG 22,dog
347,img_5248,cat,CAT 12,,CAT 12,cat
348,img_4362,cat,CAT 12,,CAT 12,cat
349,img_1490,dog,,DOG 22,DOG 22,dog
350,img_5690,dog,,DOG 22,DOG 22,dog
351,img_3938,cat,CAT 12,,CAT 12,dog
352,img_0626,dog,,DOG 22,DOG 22,dog
353,img_5860,dog,,DOG 21,DOG 21,dog
354,img_1154,dog,,DOG 22,DOG 22,cat
355,img_6772,dog,,DOG 23,DOG 23,dog
356,img_0716,dog,,DOG 22,DOG 22,dog
357,img_7032,dog,,,,dog
358,img_6300,cat,CAT 11,,CAT 11,dog
359,img_4595,dog,,DOG 22,DOG 22,dog
360,img_3963,dog,,DOG 21,DOG 21,dog
361,img_2064,dog,,DOG 22,DOG 22,dog
362,img_2030,dog,,DOG 23,DOG 23,dog
363,img_5595,dog,,,,dog
364,img_0143,cat,CAT 13,,CAT 13,dog
365,img_2608,cat,CAT 12,,CAT 12,cat
366,img_6490,cat,CAT 13,,CAT 13,cat
367,img_4588,dog,,DOG 22,DOG 22,dog
368,img_3201,dog,,DOG 21,DOG 21,dog
369,img_2998,dog,,DOG 22,DOG 22,dog
370,img_3563,dog,,DOG 24,DOG 24,dog
371,img_6026,dog,,DOG 23,DOG 23,dog
372,img_2825,dog,,DOG 22,DOG 22,dog
373,img_6305,dog,,DOG 22,DOG 22,dog
374,img_4558,cat,CAT 12,,CAT 12,cat
375,img_0221,dog,,DOG 22,DOG 22,dog
376,img_0403,dog,,DOG 22,DOG 22,dog
377,img_4060,dog,,DOG 22,DOG 22,dog
378,img_5159,dog,,DOG 22,DOG 22,dog
379,img_1972,dog,,DOG 25,DOG 25,dog
380,img_5790,dog,,DOG 22,DOG 22,dog
381,img_1132,dog,,DOG 22,DOG 22,dog
382,img_1053,dog,,DOG 22,DOG 22,dog
383,img_3221,dog,,DOG 22,DOG 22,dog
384,img_7058,dog,,DOG 25,DOG 25,dog
385,img_0047,dog,,DOG 21,DOG 21,dog
386,img_0780,dog,,DOG 25,DOG 25,dog
387,img_5996,dog,,DOG 24,DOG 24,dog
388,img_2061,cat,CAT 12,,CAT 12,dog
389,img_4587,dog,,DOG 22,DOG 22,dog
390,img_4496,dog,,,,dog
391,img_5512,dog,,DOG 23,DOG 23,dog
392,img_2495,dog,,DOG 22,DOG 22,dog
393,img_4742,dog,,DOG 22,DOG 22,dog
394,img_1152,dog,,DOG 22,DOG 22,dog
395,img_2880,dog,,DOG 25,DOG 25,dog
396,img_0832,dog,,DOG 22,DOG 22,dog
397,img_3601,dog,,DOG 21,DOG 21,dog
398,img_1375,dog,,DOG 25,DOG 25,dog
399,img_6728,dog,,DOG 23,DOG 23,dog
400,img_3715,dog,,DOG 23,DOG 23,dog
401,img_4632,dog,,DOG 24,DOG 24,dog
402,img_1180,dog,,DOG 22,DOG 22,dog
403,img_3151,dog,,DOG 25,DOG 25,dog
404,img_2642,cat,CAT 12,,CAT 12,dog
405,img_5582,dog,,DOG 25,DOG 25,dog
406,img_5182,dog,,DOG 22,DOG 22,dog
407,img_7379,dog,,DOG 23,DOG 23,dog
408,img_3315,dog,,DOG 25,DOG 25,dog
409,img_6175,dog,,DOG 22,DOG 22,dog
410,img_3732,dog,,DOG 25,DOG 25,dog
411,img_3463,dog,,DOG 25,DOG 25,dog
412,img_2396,dog,,DOG 23,DOG 23,dog
413,img_6438,dog,,DOG 21,DOG 21,dog
414,img_2884,dog,,DOG 25,DOG 25,dog
415,img_5481,dog,,DOG 21,DOG 21,dog
416,img_6732,dog,,DOG 23,DOG 23,dog
417,img_4768,dog,,DOG 24,DOG 24,dog
418,img_2448,cat,CAT 12,,CAT 12,dog
419,img_7326,cat,CAT 12,,CAT 12,dog
420,img_6320,dog,,DOG 22,DOG 22,dog
421,img_3009,dog,,DOG 24,DOG 24,dog
422,img_1522,dog,,DOG 23,DOG 23,dog
423,img_7028,dog,,DOG 25,DOG 25,dog
424,img_5359,cat,CAT 12,,CAT 12,dog
425,img_0445,dog,,DOG 24,DOG 24,dog
426,img_2528,dog,,DOG 24,DOG 24,dog
427,img_0042,dog,,DOG 25,DOG 25,dog
428,img_7030,dog,,DOG 22,DOG 22,dog
429,img_7133,dog,,DOG 25,DOG 25,dog
430,img_2877,dog,,DOG 22,DOG 22,dog
431,img_7252,dog,,DOG 21,DOG 21,dog
432,img_0671,dog,,DOG 24,DOG 24,dog
433,img_5196,cat,CAT 12,,CAT 12,cat
434,img_3712,dog,,DOG 21,DOG 21,dog
435,img_2191,dog,,DOG 25,DOG 25,dog
436,img_5970,dog,,DOG 23,DOG 23,dog
437,img_1473,dog,,,,dog
438,img_4641,dog,,DOG 21,DOG 21,dog
439,img_3156,dog,,DOG 22,DOG 22,dog
440,img_1688,dog,,DOG 25,DOG 25,dog
441,img_6136,dog,,DOG 24,DOG 24,dog
442,img_3958,cat,CAT 12,,CAT 12,cat
443,img_0916,dog,,DOG 25,DOG 25,dog
444,img_6819,dog,,DOG 22,DOG 22,dog
445,img_3397,dog,,DOG 22,DOG 22,dog
446,img_1994,dog,,DOG 25,DOG 25,dog
447,img_6773,dog,,DOG 24,DOG 24,dog
448,img_6614,cat,CAT 12,,CAT 12,cat
449,img_2863,cat,CAT 13,,CAT 13,dog
450,img_4750,cat,CAT 12,,CAT 12,dog
451,img_6431,dog,,DOG 22,DOG 22,dog
452,img_2365,dog,,DOG 24,DOG 24,dog
453,img_5388,dog,,DOG 25,DOG 25,dog
454,img_3821,cat,CAT 12,,CAT 12,cat
455,img_7060,cat,CAT 12,,CAT 12,cat
456,img_4759,cat,CAT 13,,CAT 13,cat
457,img_3261,dog,,DOG 21,DOG 21,dog
458,img_2538,dog,,DOG 21,DOG 21,dog
459,img_0654,dog,,DOG 21,DOG 21,dog
460,img_1502,dog,,DOG 23,DOG 23,dog
461,img_0601,dog,,DOG 24,DOG 24,dog
462,img_6298,dog,,DOG 22,DOG 22,dog
463,img_6960,dog,,DOG 25,DOG 25,dog
464,img_4131,dog,,DOG 21,DOG 21,dog
465,img_1988,dog,,DOG 25,DOG 25,dog
466,img_6982,cat,CAT 15,,CAT 15,dog
467,img_1813,dog,,DOG 22,DOG 22,dog
468,img_3836,dog,,DOG 22,DOG 22,dog
469,img_1963,dog,,DOG 23,DOG 23,dog
470,img_2822,dog,,DOG 25,DOG 25,dog
471,img_0519,cat,CAT 12,,CAT 12,cat
472,img_2123,dog,,DOG 22,DOG 22,dog
473,img_1236,dog,,DOG 23,DOG 23,dog
474,img_4827,dog,,DOG 24,DOG 24,dog
475,img_4112,dog,,DOG 24,DOG 24,dog
476,img_5042,dog,,DOG 23,DOG 23,dog
477,img_3362,dog,,DOG 24,DOG 24,dog
478,img_2227,dog,,DOG 22,DOG 22,dog
479,img_3303,dog,,DOG 21,DOG 21,dog
480,img_4636,dog,,DOG 25,DOG 25,dog
481,img_3847,dog,,DOG 21,DOG 21,dog
482,img_1431,dog,,DOG 21,DOG 21,cat
483,img_5538,dog,,DOG 21,DOG 21,dog
484,img_2663,dog,,DOG 23,DOG 23,dog
485,img_2058,dog,,DOG 21,DOG 21,dog
486,img_0576,dog,,DOG 25,DOG 25,cat
487,img_5232,dog,,DOG 23,DOG 23,dog
488,img_7019,cat,CAT 11,,CAT 11,dog
489,img_1873,dog,,DOG 25,DOG 25,dog
490,img_6865,dog,,DOG 22,DOG 22,dog
491,img_2057,dog,,DOG 22,DOG 22,dog
492,img_0728,dog,,DOG 22,DOG 22,dog
493,img_7215,dog,,DOG 24,DOG 24,dog
494,img_6012,dog,,DOG 24,DOG 24,dog
495,img_6399,cat,CAT 11,,CAT 11,dog
496,img_0173,dog,,DOG 24,DOG 24,dog
497,img_3652,dog,,DOG 25,DOG 25,dog
498,img_4163,cat,CAT 12,,CAT 12,dog
499,img_4406,dog,,DOG 22,DOG 22,dog
500,img_4649,dog,,DOG 22,DOG 22,dog
501,img_1275,dog,,DOG 22,DOG 22,dog
502,img_2307,cat,CAT 11,,CAT 11,cat
503,img_2788,dog,,DOG 22,DOG 22,dog
504,img_6939,dog,,DOG 22,DOG 22,dog
505,img_1262,dog,,DOG 22,DOG 22,dog
506,img_6870,dog,,DOG 22,DOG 22,cat
507,img_0124,dog,,DOG 22,DOG 22,cat
508,img_5040,dog,,DOG 22,DOG 22,dog
509,img_0373,dog,,DOG 23,DOG 23,cat
510,img_5681,dog,,,,dog
511,img_7249,dog,,DOG 23,DOG 23,dog
512,img_3719,dog,,DOG 21,DOG 21,dog
513,img_4714,dog,,DOG 22,DOG 22,dog
514,img_1674,dog,,DOG 25,DOG 25,dog
515,img_2082,dog,,DOG 23,DOG 23,dog
516,img_6208,cat,CAT 15,,CAT 15,dog
517,img_4289,cat,CAT 12,,CAT 12,cat
518,img_1995,dog,,DOG 23,DOG 23,dog
519,img_2293,dog,,DOG 22,DOG 22,dog
520,img_0607,dog,,DOG 23,DOG 23,dog
521,img_7343,dog,,DOG 22,DOG 22,dog
522,img_2892,dog,,DOG 22,DOG 22,dog
523,img_4828,dog,,DOG 21,DOG 21,dog
524,img_1930,dog,,DOG 23,DOG 23,cat
525,img_1203,cat,CAT 12,,CAT 12,cat
526,img_3286,dog,,DOG 21,DOG 21,dog
527,img_5202,dog,,DOG 22,DOG 22,dog
528,img_7206,dog,,DOG 25,DOG 25,dog
529,img_0107,dog,,DOG 22,DOG 22,dog
530,img_4012,dog,,DOG 22,DOG 22,cat
531,img_3484,dog,,DOG 22,DOG 22,dog
532,img_0883,cat,CAT 11,,CAT 11,cat
533,img_5368,dog,,DOG 25,DOG 25,dog
534,img_4715,dog,,DOG 25,DOG 25,dog
535,img_4890,dog,,DOG 22,DOG 22,dog
536,img_4366,dog,,DOG 22,DOG 22,dog
537,img_5622,dog,,DOG 22,DOG 22,dog
538,img_4856,dog,,DOG 22,DOG 22,dog
539,img_6854,cat,CAT 12,,CAT 12,dog
540,img_6931,dog,,DOG 21,DOG 21,dog
541,img_2150,dog,,DOG 24,DOG 24,dog
542,img_7390,dog,,DOG 21,DOG 21,dog
543,img_7295,dog,,DOG 22,DOG 22,dog
544,img_6552,dog,,DOG 22,DOG 22,dog
545,img_4065,dog,,DOG 21,DOG 21,dog
546,img_3499,dog,,DOG 22,DOG 22,dog
547,img_6759,dog,,DOG 22,DOG 22,dog
548,img_2772,dog,,DOG 22,DOG 22,dog
549,img_5067,dog,,DOG 22,DOG 22,dog
550,img_3522,dog,,DOG 22,DOG 22,dog
551,img_5947,dog,,DOG 23,DOG 23,dog
552,img_3803,dog,,DOG 22,DOG 22,dog
553,img_2814,dog,,DOG 25,DOG 25,dog
554,img_2100,dog,,DOG 22,DOG 22,dog
555,img_1640,dog,,DOG 24,DOG 24,dog
556,img_0829,dog,,DOG 21,DOG 21,dog
557,img_3861,dog,,DOG 24,DOG 24,dog
558,img_3029,dog,,DOG 21,DOG 21,dog
559,img_5623,dog,,DOG 22,DOG 22,cat
560,img_0683,dog,,DOG 22,DOG 22,dog
561,img_6011,dog,,DOG 23,DOG 23,dog
562,img_7095,dog,,DOG 21,DOG 21,cat
563,img_0362,dog,,DOG 22,DOG 22,dog
564,img_5389,dog,,DOG 24,DOG 24,dog
565,img_1862,dog,,DOG 24,DOG 24,dog
566,img_0141,dog,,DOG 22,DOG 22,dog
567,img_1879,dog,,DOG 25,DOG 25,dog
568,img_1347,cat,CAT 11,,CAT 11,dog
569,img_6999,cat,CAT 12,,CAT 12,cat
570,img_2775,dog,,DOG 22,DOG 22,dog
571,img_3449,dog,,DOG 22,DOG 22,dog
572,img_3095,dog,,DOG 22,DOG 22,dog
573,img_5968,cat,CAT 12,,CAT 12,cat
574,img_5190,dog,,DOG 21,DOG 21,dog
575,img_5772,dog,,DOG 22,DOG 22,dog
576,img_3547,dog,,DOG 22,DOG 22,dog
577,img_4904,cat,CAT 11,,CAT 11,dog
578,img_6953,cat,CAT 14,,CAT 14,dog
579,img_7276,dog,,DOG 22,DOG 22,dog
580,img_1527,dog,,DOG 22,DOG 22,dog
581,img_6186,dog,,DOG 24,DOG 24,dog
582,img_1641,dog,,DOG 22,DOG 22,dog
583,img_3282,dog,,DOG 21,DOG 21,dog
584,img_5611,dog,,DOG 24,DOG 24,dog
585,img_3545,dog,,,,dog
586,img_6234,dog,,DOG 22,DOG 22,dog
587,img_0099,dog,,DOG 22,DOG 22,dog
588,img_6912,dog,,DOG 21,DOG 21,dog
589,img_2651,dog,,DOG 21,DOG 21,dog
590,img_0501,dog,,DOG 22,DOG 22,dog
591,img_6966,cat,CAT 12,,CAT 12,dog
592,img_0589,dog,,DOG 22,DOG 22,dog
593,img_5522,dog,,DOG 24,DOG 24,cat
594,img_2207,dog,,DOG 25,DOG 25,dog
595,img_3741,dog,,DOG 21,DOG 21,dog
596,img_5897,dog,,DOG 23,DOG 23,dog
597,img_0246,dog,,DOG 25,DOG 25,dog
598,img_4240,dog,,DOG 24,DOG 24,dog
599,img_5572,cat,CAT 12,,CAT 12,dog
600,img_0244,dog,,DOG 24,DOG 24,dog
601,img_2762,dog,,DOG 21,DOG 21,dog
602,img_7362,dog,,DOG 25,DOG 25,dog
603,img_3848,dog,,DOG 24,DOG 24,dog
604,img_4401,dog,,DOG 23,DOG 23,dog
605,img_0269,dog,,DOG 22,DOG 22,dog
606,img_0157,dog,,DOG 25,DOG 25,dog
607,img_5499,cat,CAT 15,,CAT 15,dog
608,img_2378,cat,CAT 12,,CAT 12,cat
609,img_5334,cat,CAT 11,,CAT 11,dog
610,img_6291,dog,,DOG 21,DOG 21,dog
611,img_2718,dog,,DOG 23,DOG 23,dog
612,img_4338,dog,,DOG 21,DOG 21,dog
613,img_5577,dog,,DOG 21,DOG 21,dog
614,img_3626,dog,,DOG 21,DOG 21,dog
615,img_4806,dog,,DOG 24,DOG 24,dog
616,img_7064,dog,,DOG 23,DOG 23,dog
617,img_5854,dog,,DOG 25,DOG 25,dog
618,img_1920,dog,,DOG 22,DOG 22,dog
619,img_3892,cat,CAT 11,,CAT 11,cat
620,img_6067,cat,CAT 15,,CAT 15,dog
621,img_4295,dog,,DOG 22,DOG 22,dog
622,img_4810,dog,,DOG 22,DOG 22,dog
623,img_7260,dog,,DOG 21,DOG 21,dog
624,img_7395,dog,,DOG 24,DOG 24,dog
625,img_4322,dog,,DOG 22,DOG 22,dog
626,img_3813,dog,,DOG 23,DOG 23,dog
627,img_0486,dog,,DOG 23,DOG 23,dog
628,img_5823,dog,,DOG 22,DOG 22,dog
629,img_5916,dog,,DOG 24,DOG 24,cat
630,img_1805,dog,,DOG 22,DOG 22,dog
631,img_2151,dog,,DOG 22,DOG 22,dog
632,img_3798,dog,,DOG 22,DOG 22,dog
633,img_2710,cat,CAT 14,,CAT 14,dog
634,img_3808,dog,,DOG 24,DOG 24,dog
635,img_1967,cat,CAT 11,,CAT 11,dog
636,img_2717,dog,,DOG 23,DOG 23,dog
637,img_2233,dog,,DOG 23,DOG 23,dog
638,img_4505,dog,,DOG 24,DOG 24,dog
639,img_1845,dog,,DOG 24,DOG 24,cat
640,img_5812,dog,,DOG 22,DOG 22,dog
641,img_0117,cat,CAT 11,,CAT 11,dog
642,img_6329,cat,CAT 11,,CAT 11,dog
643,img_4093,dog,,DOG 21,DOG 21,dog
644,img_3854,dog,,DOG 25,DOG 25,dog
645,img_5331,dog,,DOG 22,DOG 22,dog
646,img_3479,dog,,DOG 22,DOG 22,dog
647,img_2479,dog,,DOG 22,DOG 22,dog
648,img_3721,cat,CAT 12,,CAT 12,dog
649,img_0072,dog,,DOG 21,DOG 21,dog
650,img_0956,dog,,DOG 22,DOG 22,dog
651,img_0787,dog,,DOG 22,DOG 22,dog
652,img_1193,dog,,DOG 22,DOG 22,dog
653,img_4056,dog,,DOG 25,DOG 25,dog
654,img_1900,dog,,DOG 24,DOG 24,dog
655,img_3260,dog,,DOG 21,DOG 21,dog
656,img_4719,dog,,DOG 22,DOG 22,dog
657,img_6932,dog,,DOG 24,DOG 24,dog
658,img_1040,dog,,DOG 24,DOG 24,dog
659,img_0348,dog,,DOG 24,DOG 24,dog
660,img_6252,dog,,DOG 22,DOG 22,dog
661,img_1425,dog,,DOG 21,DOG 21,dog
662,img_4481,cat,CAT 12,,CAT 12,cat
663,img_1441,dog,,DOG 25,DOG 25,dog
664,img_0677,dog,,DOG 23,DOG 23,dog
665,img_6457,dog,,DOG 22,DOG 22,dog
666,img_7018,dog,,DOG 22,DOG 22,dog
667,img_2746,dog,,DOG 22,DOG 22,dog
668,img_4659,dog,,DOG 21,DOG 21,dog
669,img_7280,dog,,DOG 23,DOG 23,dog
670,img_3594,dog,,DOG 22,DOG 22,dog
671,img_3651,dog,,DOG 22,DOG 22,dog
672,img_6274,dog,,DOG 22,DOG 22,dog
673,img_5207,dog,,DOG 22,DOG 22,dog
674,img_6225,cat,CAT 11,,CAT 11,dog
675,img_3720,dog,,DOG 22,DOG 22,dog
676,img_7146,cat,CAT 15,,CAT 15,dog
677,img_4482,dog,,DOG 22,DOG 22,dog
678,img_4705,dog,,DOG 25,DOG 25,dog
679,img_1252,dog,,DOG 22,DOG 22,dog
680,img_2463,dog,,DOG 24,DOG 24,dog
681,img_0627,dog,,DOG 22,DOG 22,dog
682,img_4577,dog,,DOG 22,DOG 22,dog
683,img_1117,dog,,DOG 22,DOG 22,dog
684,img_5066,dog,,DOG 22,DOG 22,dog
685,img_6824,dog,,DOG 24,DOG 24,dog
686,img_5600,dog,,DOG 22,DOG 22,dog
687,img_0103,dog,,DOG 22,DOG 22,dog
688,img_2768,dog,,DOG 22,DOG 22,dog
689,img_3751,dog,,DOG 21,DOG 21,dog
690,img_5510,dog,,DOG 21,DOG 21,dog
691,img_6555,dog,,DOG 22,DOG 22,dog
692,img_2132,dog,,DOG 22,DOG 22,dog
693,img_0267,dog,,DOG 24,DOG 24,dog
694,img_4354,dog,,DOG 23,DOG 23,dog
695,img_6271,dog,,DOG 25,DOG 25,dog
696,img_0537,dog,,DOG 24,DOG 24,dog
697,img_6407,dog,,DOG 22,DOG 22,dog
698,img_6101,dog,,DOG 24,DOG 24,dog
699,img_4978,cat,CAT 11,,CAT 11,cat
700,img_4091,dog,,DOG 22,DOG 22,dog
701,img_7119,dog,,,,dog
702,img_5217,dog,,DOG 22,DOG 22,dog
703,img_4817,dog,,DOG 24,DOG 24,dog
704,img_1750,dog,,DOG 21,DOG 21,dog
705,img_0990,dog,,DOG 25,DOG 25,dog
706,img_6855,dog,,DOG 21,DOG 21,dog
707,img_3203,dog,,DOG 21,DOG 21,dog
708,img_0830,dog,,DOG 24,DOG 24,dog
709,img_4542,dog,,DOG 25,DOG 25,dog
710,img_3619,dog,,DOG 22,DOG 22,dog
711,img_1959,dog,,DOG 23,DOG 23,dog
712,img_6317,dog,,DOG 25,DOG 25,dog
713,img_1726,dog,,DOG 21,DOG 21,dog
714,img_1116,cat,CAT 13,,CAT 13,cat
715,img_0114,dog,,DOG 25,DOG 25,dog
716,img_3783,dog,,DOG 24,DOG 24,dog
717,img_1650,dog,,DOG 22,DOG 22,dog
718,img_4889,cat,CAT 12,,CAT 12,cat
719,img_2709,dog,,DOG 25,DOG 25,dog
720,img_7057,dog,,DOG 21,DOG 21,dog
721,img_6126,dog,,DOG 21,DOG 21,dog
722,img_4527,dog,,DOG 22,DOG 22,dog
723,img_3409,dog,,DOG 22,DOG 22,dog
724,img_2522,dog,,DOG 21,DOG 21,dog
725,img_2747,dog,,DOG 23,DOG 23,cat
726,img_2523,dog,,DOG 21,DOG 21,dog
727,img_1243,dog,,DOG 21,DOG 21,dog
728,img_3172,dog,,DOG 23,DOG 23,dog
729,img_4568,dog,,DOG 22,DOG 22,dog
730,img_6081,cat,CAT 12,,CAT 12,cat
731,img_6973,dog,,DOG 24,DOG 24,dog
732,img_4139,dog,,DOG 22,DOG 22,dog
733,img_2689,dog,,DOG 24,DOG 24,dog
734,img_1814,cat,CAT 13,,CAT 13,dog
735,img_3107,dog,,DOG 21,DOG 21,dog
736,img_5478,dog,,DOG 21,DOG 21,dog
737,img_0938,dog,,DOG 22,DOG 22,dog
738,img_3781,dog,,DOG 24,DOG 24,dog
739,img_2278,dog,,DOG 21,DOG 21,dog
740,img_0406,cat,CAT 13,,CAT 13,dog
741,img_5857,dog,,DOG 25,DOG 25,dog
742,img_2313,dog,,DOG 22,DOG 22,dog
743,img_5346,dog,,DOG 21,DOG 21,dog
744,img_1807,dog,,DOG 21,DOG 21,cat
745,img_3302,dog,,DOG 22,DOG 22,dog
746,img_1433,dog,,DOG 21,DOG 21,cat
747,img_5008,dog,,DOG 25,DOG 25,dog
748,img_5961,dog,,DOG 22,DOG 22,dog
749,img_0565,dog,,DOG 21,DOG 21,dog
750,img_6090,dog,,DOG 23,DOG 23,dog
751,img_6514,cat,CAT 14,,CAT 14,dog
752,img_5506,dog,,DOG 22,DOG 22,dog
753,img_4826,cat,CAT 12,,CAT 12,cat
754,img_7207,dog,,DOG 23,DOG 23,dog
755,img_0476,dog,,DOG 22,DOG 22,dog
756,img_0797,dog,,DOG 25,DOG 25,dog
757,img_4644,dog,,DOG 24,DOG 24,dog
758,img_3100,dog,,DOG 24,DOG 24,dog
759,img_7008,dog,,DOG 23,DOG 23,dog
760,img_0613,dog,,DOG 21,DOG 21,dog
761,img_1086,dog,,DOG 22,DOG 22,dog
762,img_5862,dog,,DOG 22,DOG 22,dog
763,img_0144,cat,CAT 12,,CAT 12,dog
764,img_0488,dog,,DOG 25,DOG 25,dog
765,img_3702,dog,,DOG 21,DOG 21,dog
766,img_5534,dog,,DOG 22,DOG 22,dog
767,img_1852,dog,,DOG 21,DOG 21,dog
768,img_7040,dog,,DOG 25,DOG 25,dog
769,img_0971,dog,,DOG 25,DOG 25,dog
770,img_3561,dog,,DOG 21,DOG 21,dog
771,img_4928,dog,,DOG 23,DOG 23,dog
772,img_3132,dog,,DOG 22,DOG 22,dog
773,img_6884,dog,,DOG 25,DOG 25,dog
774,img_1540,dog,,DOG 21,DOG 21,dog
775,img_1138,dog,,DOG 25,DOG 25,dog
776,img_2074,dog,,DOG 25,DOG 25,dog
777,img_1019,cat,CAT 12,,CAT 12,cat
778,img_3723,dog,,DOG 23,DOG 23,dog
779,img_6873,dog,,DOG 23,DOG 23,dog
780,img_0953,cat,CAT 12,,CAT 12,cat
781,img_3234,dog,,DOG 22,DOG 22,dog
782,img_6704,dog,,DOG 22,DOG 22,dog
783,img_6766,dog,,,,dog
784,img_5187,dog,,DOG 21,DOG 21,dog
785,img_3565,dog,,DOG 23,DOG 23,dog
786,img_5526,dog,,DOG 24,DOG 24,dog
787,img_3351,dog,,DOG 24,DOG 24,dog
788,img_6786,dog,,DOG 22,DOG 22,dog
789,img_2274,dog,,DOG 21,DOG 21,dog
790,img_0132,cat,CAT 12,,CAT 12,cat
791,img_0142,dog,,DOG 22,DOG 22,dog
792,img_4713,dog,,DOG 25,DOG 25,dog
793,img_5301,dog,,DOG 24,DOG 24,dog
794,img_1695,dog,,DOG 25,DOG 25,dog
795,img_3944,dog,,DOG 21,DOG 21,dog
796,img_5906,dog,,DOG 24,DOG 24,dog
797,img_6892,dog,,DOG 22,DOG 22,dog
798,img_5324,dog,,DOG 24,DOG 24,dog
799,img_5911,dog,,DOG 22,DOG 22,dog
800,img_0302,dog,,DOG 22,DOG 22,dog
801,img_6818,dog,,DOG 22,DOG 22,dog
802,img_6528,dog,,DOG 22,DOG 22,dog
803,img_3838,cat,CAT 12,,CAT 12,dog
804,img_2527,dog,,DOG 25,DOG 25,dog
805,img_3405,cat,CAT 12,,CAT 12,dog
806,img_4422,dog,,DOG 21,DOG 21,dog
807,img_3239,dog,,DOG 24,DOG 24,dog
808,img_2036,dog,,DOG 22,DOG 22,dog
809,img_1255,dog,,DOG 23,DOG 23,dog
810,img_3229,cat,CAT 14,,CAT 14,dog
811,img_4572,dog,,DOG 22,DOG 22,dog
812,img_7282,dog,,DOG 22,DOG 22,dog
813,img_5907,dog,,DOG 22,DOG 22,dog
814,img_2967,cat,CAT 11,,CAT 11,cat
815,img_6565,dog,,DOG 22,DOG 22,dog
816,img_5148,dog,,DOG 21,DOG 21,dog
817,img_2889,dog,,DOG 25,DOG 25,dog
818,img_2895,dog,,DOG 24,DOG 24,dog
819,img_5931,dog,,DOG 22,DOG 22,dog
820,img_4574,cat,CAT 13,,CAT 13,cat
821,img_0522,cat,CAT 11,,CAT 11,cat
822,img_0439,cat,CAT 12,,CAT 12,cat
823,img_7011,cat,CAT 15,,CAT 15,dog
824,img_1513,dog,,DOG 22,DOG 22,dog
825,img_3513,dog,,DOG 24,DOG 24,cat
826,img_0400,dog,,DOG 22,DOG 22,dog
827,img_2405,dog,,DOG 24,DOG 24,dog
828,img_6091,dog,,DOG 22,DOG 22,dog
829,img_6778,dog,,DOG 25,DOG 25,dog
830,img_2777,dog,,DOG 23,DOG 23,dog
831,img_3020,dog,,DOG 22,DOG 22,dog
832,img_1882,dog,,DOG 24,DOG 24,dog
833,img_1837,dog,,DOG 21,DOG 21,dog
834,img_2204,dog,,DOG 22,DOG 22,dog
835,img_2453,dog,,DOG 23,DOG 23,cat
836,img_2992,dog,,DOG 22,DOG 22,dog
837,img_1350,dog,,DOG 22,DOG 22,dog
838,img_5045,dog,,DOG 22,DOG 22,dog
839,img_3158,cat,CAT 12,,CAT 12,dog
840,img_2813,cat,CAT 15,,CAT 15,dog
841,img_1045,cat,CAT 12,,CAT 12,cat
842,img_2013,dog,,DOG 22,DOG 22,dog
843,img_5517,dog,,DOG 22,DOG 22,dog
844,img_1056,dog,,DOG 23,DOG 23,dog
845,img_2090,dog,,DOG 24,DOG 24,dog
846,img_3758,dog,,DOG 25,DOG 25,dog
847,img_0754,cat,CAT 12,,CAT 12,dog
848,img_4454,dog,,DOG 24,DOG 24,dog
849,img_2375,dog,,DOG 22,DOG 22,dog
850,img_0535,cat,CAT 12,,CAT 12,dog
851,img_0094,dog,,DOG 25,DOG 25,dog
852,img_4599,cat,CAT 11,,CAT 11,cat
853,img_4510,dog,,DOG 22,DOG 22,dog
854,img_7371,dog,,DOG 22,DOG 22,dog
855,img_1337,dog,,DOG 22,DOG 22,dog
856,img_6343,dog,,DOG 22,DOG 22,dog
857,img_3059,dog,,DOG 25,DOG 25,dog
858,img_1859,dog,,DOG 22,DOG 22,dog
859,img_7275,dog,,DOG 23,DOG 23,dog
860,img_6898,dog,,DOG 22,DOG 22,dog
861,img_2757,cat,CAT 11,,CAT 11,dog
862,img_1346,dog,,DOG 21,DOG 21,dog
863,img_6607,dog,,DOG 23,DOG 23,dog
864,img_1554,dog,,DOG 24,DOG 24,dog
865,img_0487,dog,,DOG 22,DOG 22,dog
866,img_0222,dog,,DOG 23,DOG 23,dog
867,img_5721,dog,,,,dog
868,img_4283,dog,,DOG 23,DOG 23,dog
869,img_4885,dog,,DOG 25,DOG 25,dog
870,img_4123,dog,,DOG 25,DOG 25,dog
871,img_0399,dog,,DOG 21,DOG 21,dog
872,img_0472,dog,,DOG 22,DOG 22,dog
873,img_6057,dog,,DOG 22,DOG 22,dog
874,img_2139,cat,CAT 15,,CAT 15,dog
875,img_4232,dog,,DOG 21,DOG 21,dog
876,img_0338,dog,,DOG 22,DOG 22,dog
877,img_5013,cat,CAT 12,,CAT 12,cat
878,img_0044,dog,,DOG 25,DOG 25,dog
879,img_4848,dog,,DOG 21,DOG 21,dog
880,img_4036,dog,,DOG 24,DOG 24,dog
881,img_0502,dog,,DOG 22,DOG 22,dog
882,img_6681,dog,,DOG 22,DOG 22,dog
883,img_3480,dog,,DOG 24,DOG 24,cat
884,img_0252,dog,,DOG 21,DOG 21,dog
885,img_3716,dog,,DOG 22,DOG 22,dog
886,img_5778,cat,CAT 14,,CAT 14,dog
887,img_2105,dog,,DOG 23,DOG 23,dog
888,img_2087,dog,,DOG 22,DOG 22,dog
889,img_7147,dog,,DOG 23,DOG 23,dog
890,img_1922,dog,,DOG 21,DOG 21,dog
891,img_3251,dog,,DOG 23,DOG 23,dog
892,img_4882,dog,,DOG 23,DOG 23,dog
893,img_5498,dog,,DOG 22,DOG 22,dog
894,img_5321,cat,CAT 11,,CAT 11,cat
895,img_6553,dog,,DOG 21,DOG 21,dog
896,img_3998,dog,,DOG 22,DOG 22,dog
897,img_6689,dog,,DOG 21,DOG 21,dog
898,img_0887,dog,,DOG 24,DOG 24,dog
899,img_5603,dog,,DOG 23,DOG 23,dog
900,img_4055,dog,,DOG 23,DOG 23,dog
901,img_1878,dog,,DOG 25,DOG 25,dog
902,img_0687,dog,,DOG 25,DOG 25,dog
903,img_0208,cat,CAT 13,,CAT 13,dog
904,img_3747,dog,,DOG 22,DOG 22,dog
905,img_4912,dog,,DOG 21,DOG 21,dog
906,img_1445,dog,,DOG 24,DOG 24,dog
907,img_3840,dog,,DOG 21,DOG 21,dog
908,img_0055,cat,CAT 12,,CAT 12,dog
909,img_4183,dog,,DOG 21,DOG 21,dog
910,img_3110,dog,,DOG 24,DOG 24,dog
911,img_1919,dog,,DOG 23,DOG 23,dog
912,img_0154,dog,,DOG 21,DOG 21,dog
913,img_0275,dog,,DOG 22,DOG 22,dog
914,img_4831,dog,,DOG 24,DOG 24,dog
915,img_4947,dog,,DOG 21,DOG 21,dog
916,img_7302,dog,,DOG 22,DOG 22,dog
917,img_3908,cat,CAT 11,,CAT 11,dog
918,img_4861,dog,,DOG 23,DOG 23,dog
919,img_3870,dog,,DOG 23,DOG 23,cat
920,img_1670,dog,,DOG 21,DOG 21,dog
921,img_4470,dog,,DOG 23,DOG 23,dog
922,img_2987,dog,,DOG 22,DOG 22,dog
923,img_1974,dog,,DOG 22,DOG 22,dog
924,img_5614,dog,,DOG 22,DOG 22,dog
925,img_2354,dog,,DOG 25,DOG 25,dog
926,img_0929,dog,,DOG 22,DOG 22,dog
927,img_5588,dog,,DOG 22,DOG 22,dog
928,img_2175,dog,,DOG 24,DOG 24,dog
929,img_4878,cat,CAT 12,,CAT 12,cat
930,img_3473,dog,,DOG 25,DOG 25,dog
931,img_1651,dog,,DOG 21,DOG 21,cat
932,img_0834,dog,,DOG 21,DOG 21,dog
933,img_4877,dog,,DOG 24,DOG 24,dog
934,img_1472,cat,CAT 12,,CAT 12,dog
935,img_0927,cat,CAT 13,,CAT 13,cat
936,img_4148,cat,CAT 13,,CAT 13,dog
937,img_4850,dog,,DOG 22,DOG 22,dog
938,img_4987,dog,,DOG 22,DOG 22,dog
939,img_6075,dog,,DOG 24,DOG 24,dog
940,img_1281,dog,,DOG 23,DOG 23,dog
941,img_3443,dog,,DOG 22,DOG 22,dog
942,img_5865,cat,CAT 11,,CAT 11,dog
943,img_2328,cat,CAT 11,,CAT 11,dog
944,img_4851,dog,,DOG 23,DOG 23,dog
945,img_7126,dog,,DOG 22,DOG 22,dog
946,img_4724,dog,,DOG 22,DOG 22,dog
947,img_2237,dog,,DOG 21,DOG 21,dog
948,img_2795,cat,CAT 12,,CAT 12,dog
949,img_5665,dog,,DOG 24,DOG 24,dog
950,img_7256,dog,,DOG 23,DOG 23,dog
951,img_5747,dog,,DOG 24,DOG 24,dog
952,img_7369,dog,,DOG 25,DOG 25,dog
953,img_5330,dog,,DOG 24,DOG 24,dog
954,img_5014,dog,,DOG 21,DOG 21,dog
955,img_1918,dog,,DOG 22,DOG 22,dog
956,img_3246,cat,CAT 11,,CAT 11,dog
957,img_6414,cat,CAT 12,,CAT 12,cat
958,img_6536,dog,,DOG 22,DOG 22,dog
959,img_1632,cat,CAT 12,,CAT 12,cat
960,img_4606,dog,,DOG 21,DOG 21,dog
961,img_2178,dog,,DOG 22,DOG 22,dog
962,img_2154,dog,,DOG 22,DOG 22,dog
963,img_0214,dog,,DOG 24,DOG 24,dog
964,img_2722,dog,,DOG 21,DOG 21,dog
965,img_2732,dog,,DOG 22,DOG 22,dog
966,img_2903,dog,,DOG 22,DOG 22,dog
967,img_0779,cat,CAT 12,,CAT 12,cat
968,img_1011,dog,,DOG 22,DOG 22,dog
969,img_0818,dog,,DOG 25,DOG 25,dog
970,img_4038,dog,,DOG 22,DOG 22,dog
971,img_0318,dog,,DOG 23,DOG 23,dog
972,img_3901,dog,,DOG 25,DOG 25,dog
973,img_4128,dog,,DOG 21,DOG 21,dog
974,img_7261,dog,,DOG 25,DOG 25,dog
975,img_2235,dog,,DOG 22,DOG 22,dog
976,img_5266,dog,,DOG 22,DOG 22,dog
977,img_7223,dog,,DOG 24,DOG 24,dog
978,img_2879,dog,,DOG 24,DOG 24,dog
979,img_6814,dog,,DOG 23,DOG 23,dog
980,img_6334,dog,,DOG 25,DOG 25,dog
981,img_6631,dog,,DOG 21,DOG 21,dog
982,img_6236,dog,,DOG 23,DOG 23,dog
983,img_3823,dog,,DOG 24,DOG 24,dog
984,img_5587,dog,,DOG 24,DOG 24,dog
985,img_4666,dog,,DOG 23,DOG 23,dog
986,img_4807,dog,,DOG 22,DOG 22,dog
987,img_6408,dog,,DOG 25,DOG 25,dog
988,img_6003,dog,,DOG 22,DOG 22,dog
989,img_3701,dog,,DOG 21,DOG 21,dog
990,img_4013,dog,,DOG 21,DOG 21,dog
991,img_7071,dog,,DOG 22,DOG 22,dog
992,img_0442,dog,,DOG 25,DOG 25,dog
993,img_5705,dog,,DOG 25,DOG 25,dog
994,img_6379,dog,,DOG 22,DOG 22,dog
995,img_6461,dog,,DOG 22,DOG 22,dog
996,img_0947,cat,CAT 12,,CAT 12,dog
997,img_6312,dog,,,,dog
998,img_3673,dog,,DOG 21,DOG 21,dog
999,img_0835,dog,,DOG 23,DOG 23,dog
1000,img_6929,dog,,DOG 25,DOG 25,dog
1001,img_2507,dog,,DOG 24,DOG 24,dog
1002,img_0914,dog,,DOG 22,DOG 22,dog
1003,img_0701,dog,,DOG 24,DOG 24,dog
1004,img_0151,dog,,DOG 21,DOG 21,dog
1005,img_4256,cat,CAT 11,,CAT 11,cat
1006,img_7292,cat,CAT 12,,CAT 12,cat
1007,img_5909,dog,,DOG 21,DOG 21,dog
1008,img_2177,cat,CAT 12,,CAT 12,cat
1009,img_3572,dog,,,,dog
1010,img_2042,dog,,DOG 21,DOG 21,dog
1011,img_0770,cat,CAT 11,,CAT 11,dog
1012,img_0354,dog,,DOG 22,DOG 22,dog
1013,img_2068,dog,,DOG 22,DOG 22,dog
1014,img_7072,dog,,DOG 25,DOG 25,dog
1015,img_5669,dog,,DOG 24,DOG 24,dog
1016,img_5999,dog,,DOG 22,DOG 22,dog
1017,img_3121,dog,,DOG 22,DOG 22,dog
1018,img_5552,cat,CAT 11,,CAT 11,dog
1019,img_2850,dog,,DOG 21,DOG 21,dog
1020,img_4664,dog,,DOG 22,DOG 22,dog
1021,img_4325,cat,CAT 13,,CAT 13,dog
1022,img_7293,dog,,DOG 21,DOG 21,dog
1023,img_7062,dog,,DOG 21,DOG 21,dog
1024,img_5796,dog,,DOG 23,DOG 23,dog
1025,img_7248,cat,CAT 12,,CAT 12,cat
1026,img_1672,dog,,DOG 21,DOG 21,dog
1027,img_5741,dog,,DOG 22,DOG 22,dog
1028,img_2466,dog,,DOG 22,DOG 22,dog
1029,img_5687,cat,CAT 11,,CAT 11,dog
1030,img_2261,dog,,DOG 25,DOG 25,dog
1031,img_0213,cat,CAT 11,,CAT 11,dog
1032,img_5180,dog,,DOG 24,DOG 24,dog
1033,img_6361,dog,,DOG 21,DOG 21,dog
1034,img_4339,cat,CAT 11,,CAT 11,dog
1035,img_6904,cat,CAT 12,,CAT 12,dog
1036,img_7042,dog,,DOG 21,DOG 21,dog
1037,img_0595,dog,,DOG 22,DOG 22,dog
1038,img_6043,dog,,DOG 23,DOG 23,dog
1039,img_1284,dog,,DOG 22,DOG 22,dog
1040,img_3120,dog,,DOG 21,DOG 21,dog
1041,img_7076,dog,,DOG 21,DOG 21,dog
1042,img_5299,dog,,DOG 22,DOG 22,dog
1043,img_5444,dog,,DOG 23,DOG 23,dog
1044,img_3058,dog,,DOG 22,DOG 22,dog
1045,img_6839,dog,,DOG 22,DOG 22,dog
1046,img_6788,dog,,DOG 22,DOG 22,dog
1047,img_2607,dog,,DOG 22,DOG 22,dog
1048,img_2988,dog,,DOG 22,DOG 22,dog
1049,img_7174,dog,,DOG 22,DOG 22,dog
1050,img_6237,dog,,DOG 24,DOG 24,dog
1051,img_4475,dog,,DOG 22,DOG 22,dog
1052,img_5752,dog,,DOG 24,DOG 24,dog
1053,img_5075,cat,CAT 12,,CAT 12,dog
1054,img_3864,dog,,DOG 23,DOG 23,dog
1055,img_2524,dog,,DOG 23,DOG 23,dog
1056,img_5740,dog,,DOG 23,DOG 23,dog
1057,img_0826,dog,,DOG 22,DOG 22,dog
1058,img_1749,dog,,DOG 22,DOG 22,dog
1059,img_6539,dog,,DOG 22,DOG 22,dog
1060,img_2808,dog,,DOG 22,DOG 22,dog
1061,img_6031,dog,,DOG 25,DOG 25,dog
1062,img_4241,cat,CAT 15,,CAT 15,cat
1063,img_1066,dog,,DOG 22,DOG 22,dog
1064,img_6652,dog,,DOG 22,DOG 22,dog
1065,img_5480,dog,,DOG 22,DOG 22,dog
1066,img_2216,dog,,DOG 24,DOG 24,dog
1067,img_3277,dog,,DOG 22,DOG 22,dog
1068,img_3255,dog,,,,dog
1069,img_6302,dog,,DOG 22,DOG 22,dog
1070,img_0747,dog,,DOG 21,DOG 21,dog
1071,img_4115,dog,,DOG 22,DOG 22,dog
1072,img_4589,dog,,DOG 22,DOG 22,dog
1073,img_1181,dog,,DOG 25,DOG 25,dog
1074,img_7047,dog,,DOG 24,DOG 24,dog
1075,img_1938,cat,CAT 11,,CAT 11,cat
1076,img_0087,dog,,DOG 25,DOG 25,dog
1077,img_4235,cat,CAT 12,,CAT 12,cat
1078,img_5255,cat,CAT 12,,CAT 12,cat
1079,img_6599,dog,,DOG 22,DOG 22,dog
1080,img_0935,dog,,DOG 24,DOG 24,dog
1081,img_6992,dog,,DOG 24,DOG 24,dog
1082,img_1080,dog,,DOG 22,DOG 22,dog
1083,img_0743,dog,,,,dog
1084,img_0998,dog,,DOG 24,DOG 24,dog
1085,img_5467,dog,,DOG 22,DOG 22,dog
1086,img_4375,dog,,DOG 24,DOG 24,dog
1087,img_0744,dog,,DOG 21,DOG 21,dog
1088,img_6108,dog,,DOG 22,DOG 22,dog
1089,img_4942,dog,,DOG 21,DOG 21,dog
1090,img_7037,dog,,DOG 23,DOG 23,dog
1091,img_2485,dog,,DOG 22,DOG 22,dog
1092,img_6073,dog,,DOG 24,DOG 24,dog
1093,img_6283,dog,,DOG 25,DOG 25,dog
1094,img_0563,dog,,DOG 24,DOG 24,dog
1095,img_1438,dog,,DOG 23,DOG 23,dog
